[
    {
        "title": " The Weather Couple PhotoShut",
        "paragrap": "very photographer — and couple! — hopes for perfect weather on the big day. But we’re not always so fortunate If it rains on your photo shoot, use the weather in your favor to create a unique photo. For instance, ask the groom to shield the bride from the rain with his jacket.",
        "img": "https://i.ibb.co/T2cpBd5/888.jpg",
        "rating": "15",
        "id": "04",
        "price": "20$"
    },
    {
        "title": " A wedding reception ",
        "paragrap": "A wedding reception is a party usually held after the completion of a marriage ceremony as hospitality for those who have attended the wedding, hence the name reception: the couple receive society, in the form of family and friends",
        "img": "https://i.ibb.co/T2cpBd5/888.jpg",
        "rating": "20",
        "id": "05",
        "price": "20$"
    },
    {
        "title": "All Family Wedding PhotoShut",
        "paragrap": "Wedding photography is a specialty in photography that is primarily focused on the photography of events and activities relating to weddings. It may include other types of portrait photography of the couple before the official wedding day, such as a pre-wedding engagement session ",
        "img": "https://encrypted-tbn0.gstatic.com/images?q=tbn:ANd9GcRzZqYgy-fDBQpvmWaaQlMbi-Jg755vPziPJQ&usqp=CAU",
        "rating": "40",
        "id": "06",
        "price": "20$"
    }
]